190322175-7,Dr. Dolittle 2,3842.55,4/23/1962,890,22190
712544395-8,Trembling Before G-d,1443.49,4/16/1902,1621,44113
891775104-0,Texas Across the River,945.25,11/06/2016,2251,2270
339391758-7,Pentagon Wars  The,2613.99,1/20/1935,2645,32145
395559965-5,Watermarks,11.56,01/06/1976,903,17185
344493308-8,Wallace & Gromit in The Curse of the Were-Rabbit,2752.42,2/14/1910,916,41252
781966329-4,Guns at Batasi,3378.55,12/03/1959,415,23062
631503389-X,Letters from Iwo Jima,4804.13,9/23/1916,142,38839
020771937-3,Canyons  The,1113.51,2/21/2020,2792,1068
794151958-5,Side by Side,546.44,5/29/1956,1055,24346
238122032-1,Pulling Strings,786.2,04/03/1931,1468,33534
639710540-7,Promised Land (Ziemia Obiecana),3758.3,5/16/1924,368,36047
147231094-2,Flickering Lights (Blinkende lygter),2266.36,4/24/1927,2111,34974
581334590-6,Higher Learning,4884.64,8/23/1903,770,43619
058191475-9,Seven-Per-Cent Solution  The,546.17,3/22/1947,2512,27701
145323847-6,Some Girls,1699.92,07/03/1913,2769,40017
356178841-6,Cohen and Tate,2726.29,5/17/1954,2206,25089
724075536-3,I Am Fishead,3497.57,10/01/2019,1464,1211
605257310-4,Kung Fu Dunk,4612.48,10/13/1901,2835,44298
142808910-1,Wraith  The,2835.04,3/29/1999,1297,8702
027563881-2,All About Anna,2544.43,9/23/2018,352,1584
634082016-6,Sordid Lives,3592.31,3/27/1912,1296,40480
954924251-X,Tiger Eyes,3005.18,12/18/1994,1417,10264
074615698-7,Bridge  The (Most),2643.04,4/30/2007,2480,5747
147117803-X,Cannery Row,1605.48,01/07/1904,1239,43482
680963388-X,Jealousy,2315.33,11/04/2022,1269,81
490461954-4,Love Parade  The,1817.15,8/18/1980,2589,15498
868916746-3,Straits of Love and Hate  The (Aien kyo),341.67,06/05/1902,2070,44063
901862637-6,Killer: A Journal of Murder,1749.22,10/28/1942,1331,29308
466358683-X,Carpetbaggers  The,2281.51,06/04/1984,1741,14113
640445859-4,Alien³ (a.k.a. Alien 3),382.07,05/04/2009,722,5013
042510993-3,The Last Diamond,2481.24,7/27/2014,319,3103
621640695-7,Out of Life (Hors la vie),1265.65,5/30/1906,1895,42608
802878757-6,Savages,1335.91,7/29/1984,1427,14058
006050126-X,Last Call (Hoogste tijd),4998.79,12/10/1973,2397,17942
002202399-2,Keep Your Distance,4447.92,10/22/1935,344,31871
970895904-9,Sucker  The (Corniaud  Le),3167.05,3/23/1960,1274,22952
402032808-0,Beyond Borders,582.58,11/11/1999,2671,8475
433919353-4,This Girl's Life,36.52,2/14/1965,1302,21163
003775927-2,Harrison Bergeron,2484.7,02/09/1994,395,10576
285134932-5,Return of the Magnificent Seven  The (a.k.a. Return of the Seven),4017.55,01/01/2017,123,2214
188706613-6,Poor Little Rich Girl,1174.73,5/20/1985,922,13763
427336729-7,Idle Hands,3238.91,10/18/1979,625,15804
845346844-3,High Tech  Low Life,4010.23,09/02/1947,1911,27538
102292520-2,Shag,1227.05,3/19/2019,251,1407
754179252-7,Women in Love,2508.94,04/04/1945,2508,28419
810207308-X,Day Night Day Night,3272.56,03/07/1997,1876,9454
757289880-7,Stuff and Dough (Marfa si banii),585.82,01/05/1951,1032,26316
988908489-9,The Derby Stallion,3609.8,4/21/1911,533,40821
249150646-7,Love Me Tender,1526.75,7/14/1995,1846,10056
438961935-7,Ring of Darkness,1181.25,03/07/1993,254,10915
193753327-1,Hart's War,815.8,10/14/1932,2316,32974
369750444-4,Pancho  the Millionaire Dog,749.71,10/10/1929,1283,34074
291731675-6,Sword of the Valiant,4870.74,6/16/2000,367,8257
427431323-9,Fellini: I'm a Born Liar (Fellini: Je Suis um Grand Menteur),3772.25,5/27/1958,1581,23617
402100476-9,Made in Britain,1839.18,10/08/2018,2005,1569
150555687-2,Japan's Longest Day (Nihon no ichiban nagai hi),3407.82,04/11/2011,38,4306
932638214-1,Love & Savagery,2131.05,9/27/1946,2488,27877
431761769-2,I Accuse,1977.37,03/06/1923,855,36484
855710980-6,Scourge,4660.07,9/29/1996,2807,9613
904161901-1,Zatoichi Goes to the Fire Festival (Zatôichi abare-himatsuri) (Zatôichi 21),4991.31,8/29/1903,2522,43613
832552939-3,19th Wife  The,1826.96,9/19/1928,250,34459
683292113-6,Leontine,2635.11,05/09/2017,2982,2085
873738193-8,Cool Runnings,3196.16,4/18/1936,2412,31692
000367024-4,Ladies Man  The,3831.75,02/09/1994,2600,10576
716695072-2,Bound,355.55,9/18/1974,1549,17660
246034861-4,Invitation to the Dance,1278.78,7/31/1962,642,22091
212567767-9,Katyn,4315.31,11/04/1936,2363,31491
249174939-4,Superman IV: The Quest for Peace,887.8,03/10/1961,1430,22600
688411562-9,Look  Up in the Sky! The Amazing Story of Superman,1611.01,2/15/1948,1807,27372
272969472-2,Time of the Wolf  The (Le temps du loup),1863.2,06/09/1918,896,38214
127733294-0,Butterfly Kiss,2650.73,01/08/1908,511,42019
994925820-0,Beverly Hills Ninja,4211.07,4/14/2017,1833,2110
937340700-7,Gravity (Schwerkraft),1493.19,10/05/1960,1339,22755
795491420-8,Quartet,266.9,11/18/1974,2317,17599
274838935-2,Pineapple Express,909.97,1/14/1950,2184,26673
155268611-6,Dungeons & Dragons,540.62,09/07/1901,2914,44334
609128328-6,Looking for Hortense (Cherchez Hortense) ,4261.35,12/16/2006,1075,5883
708345240-7,All That Jazz,2488.08,4/23/1991,2092,11599
467985187-2,Sword of the Valiant,3955.35,6/26/1996,1501,9708
014636247-0,GhostWatcher,3855.74,08/04/1954,1841,25009
278966059-X,Demetrius and the Gladiators,2783.91,4/28/1923,891,36430
248044520-8,Captain Horatio Hornblower R.N.,425.45,9/17/1964,1173,21313
004584382-1,Closet Land,976.51,12/17/2021,2681,402
878651142-4,Black God  White Devil (Deus e o Diabo na Terra do Sol),242.89,07/03/1994,2326,10432
550063915-3,Pale Rider,43.17,09/04/1959,465,23153
138034747-5,Cencoroll,4578.63,04/10/1991,2862,11611
097687186-6,Fire Down Below,742.76,09/06/2012,636,3792
219631019-0,Prison Break: The Final Break,470.07,1/13/1962,2581,22291
423051349-6,5 Fingers,1562.06,2/18/2005,2802,6549
016953743-9,Marrying Man  The (Too Hot to Handle),3924.14,3/18/1952,2028,25878
208889695-3,Cheap Detective  The,2118.53,12/30/2008,1599,5137
769926003-1,Tarnation,1887.6,04/08/1984,1221,14170
229059579-9,Inhuman Resources (Redd Inc.),1470.16,4/25/1993,683,10866
609937705-0,Melody,953.36,3/25/2003,738,7245
028577349-6,Gang Tapes,1060.44,8/31/2003,1687,7086
254878337-5,May in the Summer,263.48,08/04/1989,724,12226
823844441-1,Home Alone 2: Lost in New York,4963.37,10/16/1998,2620,8865
911289326-9,Woman In Berlin  A (Anonyma - Eine Frau in Berlin),1176.72,8/16/1991,2143,11484
762917943-X,Dante's Peak,241.59,02/06/1970,2809,19345
599846022-7,Mrs. Winterbourne,4947.79,10/19/1928,2873,34430
963817410-2,Dolls,903.96,4/23/1912,93,40452
359871000-3,Everything Put Together,3232.57,11/09/1941,2409,29660
359204205-X,Gate  The,3367.33,5/27/1919,2576,37863
750273328-0,Santa Claus Has Blue Eyes (Le père Noël a les yeux bleus),1542.78,1/15/1958,347,23750
960146694-0,Charter Trip  The (a.k.a. Package Tour  The) (Sällskapsresan),4903.95,04/12/1996,1321,9782
841666492-7,Hamlet,4869.7,8/28/1968,1082,19872
678193983-1,Koch,203.91,3/22/1903,626,43772
528047927-6,Rat King,3538.8,03/06/1937,1099,31370
048884908-X,Monster's Ball,2379.02,5/15/1971,1062,18882
668312280-6,Two Years at Sea,4833.13,05/02/2020,2683,997
718505555-5,Striking Range,518.08,9/27/1923,1055,36279
372286515-8,Tammy and the T-Rex,4038.2,10/20/1918,394,38082
093481015-X,Passion,484.43,04/07/1990,527,11980
328801158-1,Top Five,4802.44,12/03/1989,2970,12105
354898978-0,Lust  Caution (Se  jie),2422.05,04/12/1953,2501,25488
871214001-5,Little Hamlet,4466.92,02/11/1960,1427,22993
563540750-1,Lost Battalion  The,3802.34,12/30/1905,2429,42758
182690242-2,Dreamscape,1710.77,8/19/2013,1859,3445
044265176-7,Burn  Witch  Burn (Night of the Eagle),1532.44,4/14/1954,1150,25122
911907250-3,Heroic Purgatory (Rengoku eroica),453.92,02/05/1900,574,44913
550455675-9,Love That Boy,897.89,11/21/1974,2507,17596
163317681-9,Stormbreaker (Alex Rider: Operation Stormbreaker),937.26,07/01/1968,1991,19930
755577498-4,Unknown Known  The,1052.03,1/29/2006,2889,6203
215489832-7,Love That Boy,608.64,2/17/2009,2817,5089
404130221-8,Goodbye First Love,3892.91,11/17/1942,715,29287
725324096-0,Pagemaster  The,3806.93,10/30/1955,1251,24557
725941687-4,The Land Before Time V: The Mysterious Island,4716.28,05/02/2008,72,5380
609490595-4,Kindergarten Cop,118.51,2/14/1945,764,28467
774460758-9,Strange Days,2262.38,05/04/2003,1418,7204
287215078-1,Hitting Home,4341.49,11/27/2021,2412,423
298612277-9,Rhapsody in Blue,521.71,12/19/2007,248,5515
677231523-5,Grey  The,1030.95,8/14/1972,519,18425
086334233-7,Genghis Blues,265.84,9/19/2002,504,7432
960442790-3,Factory  The,3368.89,6/22/1932,2383,33088
309188456-2,Planet of the Future  The,3794.64,10/03/1922,527,36637
220031644-5,Lady Killer,3800.74,8/30/1956,2252,24253
076592349-1,Cadence,93.15,05/01/2007,400,5747
442541474-8,Sandpiper  The,932.6,10/15/1965,1443,20920
747061417-6,Kirikou and the Sorceress (Kirikou et la sorcière),3598.52,01/02/1958,999,23763
218469152-6,Let the Good Times Roll,3564.78,9/18/1967,313,20217
825715508-X,The Great Northfield Minnesota Raid,470.34,4/18/2003,629,7221
495083960-8,Out in the Dark,137.09,12/09/1941,229,29631
275125638-4,Sands of Iwo Jima,2301.88,12/24/1998,2476,8796
780238395-1,High Hopes,2274.58,6/22/1951,1720,26149
109571758-8,All I Want (Try Seventeen),1329.94,05/03/1922,866,36791
805810014-5,Onibi: The Fire Within,2793.88,10/06/1917,2823,38460
315612481-8,Tucker & Dale vs Evil,4137.38,11/11/1904,344,43173
319358760-5,71 Fragments of a Chronology of Chance (71 Fragmente einer Chronologie des Zufalls),1497.02,12/11/1939,2007,30360
822232919-7,Zookeeper,4990.73,6/19/1924,1575,36013
596117558-8,Paisan (Paisà),3327.93,1/23/1940,454,30317
377582120-1,Experiment Perilous,1074.52,12/26/1930,2230,33632
098304928-9,Smash His Camera,305.72,06/02/1924,776,36030
262170241-4,Neon Genesis Evangelion: Death & Rebirth (Shin seiki Evangelion Gekijô-ban: Shito shinsei),1793.7,11/11/1935,2461,31851
077145266-7,Book of Love,974.6,01/11/1941,65,29963
942663718-4,Seventh Horse of the Sun  (Suraj Ka Satvan Ghoda),3410.99,3/25/1949,2319,26968
212330394-1,Salvatore Giuliano,926.07,07/05/1928,235,34536
688440818-9,Swell Season  The,1116.78,5/17/2018,2530,1712
398390232-4,Dead Man and Being Happy  The (El muerto y ser feliz),1810.7,5/15/1954,2892,25091
925183155-6,And the Ship Sails On (E la nave va),3869,9/29/2020,2944,847
472122358-7,Hansel & Gretel,3122.83,12/15/1916,279,38756
597570278-X,8 Heads in a Duffel Bag,70.75,12/07/1983,993,14292
509608885-5,I Smile Back,1398.05,1/24/1996,273,9862
903679742-X,Leviathan,2132.88,2/27/1917,592,38682
957805050-X,Shepard & Dark,4307.98,12/05/1928,1992,34383
933554978-9,Distant Voices  Still Lives,2411.54,4/25/1979,2331,15980
794034061-1,Southern District (Zona Sur),1016.26,5/16/1962,917,22168
247032943-4,Mahabharata  The,4921.31,02/11/1910,2448,41254
075652437-7,Cats & Dogs,1327.99,10/08/1927,1673,34807
735093612-5,Captive (Cautiva) ,4885.03,02/12/1962,105,22261
012717805-8,Housemaid  The (Hanyo),615.64,2/28/1940,1196,30281
856708566-7,The Adventure of Faustus Bidgood,4963.27,06/06/1944,1683,28720
931231709-1,Kitty,4453.43,1/24/1944,2782,28855
847012691-1,Four Eyes and Six-Guns,56.29,05/08/1991,1861,11584
951367826-1,Lord of Tears,2243.2,1/29/1939,2397,30676
970399223-4,Jaws: The Revenge,3704.99,4/18/2009,2352,5029
467666534-2,Double Suicide (Shinjû: Ten no amijima),2266.83,02/10/2014,923,3270
102066491-6,Imagine: John Lennon,2623.53,2/18/1955,2139,24812
389321482-8,Major Barbara,3273.58,07/04/2009,721,4952
694736802-2,What Happened  Miss Simone?,1867.58,07/02/1934,2124,32348
208740163-2,Bamboozled,661.44,01/11/1905,1426,43112
730528529-3,Make Mine Music,2917.5,06/02/1943,2240,29090
128247815-X,Princess Bride  The,1302.44,3/27/1992,1122,11260
616078691-1,Adjustment Bureau  The,1949.02,6/20/1960,395,22863
473871627-1,Farmer's Daughter  The,3339.72,1/18/2013,1095,3657
683427678-5,Slave Girls (Prehistoric Women),2135.27,4/17/1926,2450,35346
134030203-9,My Grandfather's People (Dedemin insanlari),3445.91,3/18/1915,2877,39393
859908662-6,Seance on a Wet Afternoon,3293.47,02/01/1988,520,12776
709424415-0,'Salem's Lot,671.89,01/06/1927,1058,35082
400764123-4,Collision Earth,4823.09,10/30/2004,2486,6660
249443439-4,Crocodile Dundee,4443.84,05/06/1962,2343,22178
665366882-7,Viper in the Fist,4577.66,3/26/2010,2066,4687
797374165-8,Casual Sex?,4250.86,11/25/2001,616,7730
019995826-2,Little Girl Who Lives Down the Lane  The,3636.76,02/11/1918,1358,38333
495826460-4,Move (3 Zimmer/Küche/Bad),1663.67,12/29/2012,1107,3677
569794275-3,Perfume,709.45,8/13/1970,2934,19157
349071994-8,Where the Red Fern Grows,3999.46,11/07/1952,173,25645
999621522-9,Felon,4353.22,11/06/2013,1442,3366
695120408-X,Forbidden City Cop (Dai lap mat tam 008),2066.42,10/25/1966,1009,20545
863122982-2,Grandmaster  The (Yi dai zong shi),4417.03,1/30/1964,2431,21544
449406127-1,Shadow Kill,2142.95,04/11/1958,1993,23664
241376015-6,Sherlock Holmes: Dressed to Kill,2341.95,8/20/2007,2142,5636
203868317-4,Act of Killing  The,2377.44,02/03/2022,1481,355
013509428-3,Dorado  El,1512.08,4/29/1986,2217,13419
652024355-8,Show Boat,4136.34,07/02/1916,557,38921
478993690-2,Delicate Balance  A,4641.43,1/30/1932,2415,33232
686803244-7,Clone (Womb),3345.06,9/25/1975,2787,17288
820473036-5,Rocket  The (a.k.a. Maurice Richard),1106.83,02/07/1939,2941,30667
225346094-X,Jewtopia,1460.65,1/19/1986,1235,13519
877598361-3,Andy Hardy Meets Debutante,501.31,12/09/1961,876,22325
342592921-6,16 Years of Alcohol,308.5,11/08/1912,1196,40254
003556258-7,Folks!,3938.21,7/14/1961,774,22474
702744018-0,Commando,3593.58,11/19/2007,1596,5544
271233841-3,You Will Be My Son (Tu seras mon fils),612.12,8/31/1967,871,20235
681285608-8,Vampires,1223.83,4/24/1997,1420,9406
738848266-0,Ninth Gate  The,4566.37,05/08/1906,2256,42630
395861223-7,Bad Day on the Block,4242.63,10/27/1951,536,26022
777934258-1,Net  The,1775.36,6/17/2000,764,8256
671050414-X,Lake Mungo,2586.03,9/16/1907,276,42134
915990332-5,Solino,1414.56,04/10/2002,2614,7594
465417790-6,The Referees,3072.46,6/27/1915,2420,39292
973583347-6,Wild Tales,2596.52,3/13/1937,2825,31363
141280550-3,Nixon,184.84,01/03/1904,1590,43486
621677777-7,Miracle on 34th Street,2682.28,9/19/1935,1328,31904
981206037-5,Santa Claus Has Blue Eyes (Le père Noël a les yeux bleus),778.46,3/21/1942,2875,29528
595020473-5,Saturday Night,3353.29,5/20/1970,2900,19241
498961788-6,Medea,4013.31,09/03/1909,1099,41416
057841544-5,Memories (Memorîzu),3051.84,10/08/1969,505,19466
621742322-7,Trumpet of the Swan  The,1955.5,5/22/1924,1391,36040
491642155-8,Pretty Baby,3041.56,8/21/1950,1390,26454
968403783-X,Just Buried,1209.21,6/15/1933,2969,32729
302371751-6,Tevye,4274.95,6/18/1961,1645,22500
199613503-1,Star Is Born  A,1595.87,9/30/1987,1295,12899
413456620-7,Art of the Steal  The,4197.88,12/06/1914,949,39496
033043946-4,An Alligator Named Daisy,1689.13,10/22/1958,1522,23470
515735110-0,Killing of a Chinese Bookie  The,3558.19,04/10/1911,1360,40832
339622292-X,American  The,4608.06,9/20/1983,663,14371
795926831-2,Ernest Film Festival  The,118.65,12/24/1945,2431,28154
137348890-5,Crossing the Bridge,1798.1,10/23/1984,2360,13972
324949516-6,Lady Sings the Blues,4105.89,1/28/1999,1053,8762
145285033-X,Hills Have Eyes II  The,1001.04,2/15/1996,2438,9840
843571248-6,Jack Strong,310.81,05/04/2008,486,5377
403484468-X,Ten Seconds to Hell,2734.54,3/27/2004,2850,6877
184066735-4,Batman & Mr. Freeze: Subzero,306.43,10/29/1925,1214,35516
977890719-6,Sexual Life of the Belgians  The (Vie sexuelle des Belges 1950-1978  La),2437.07,05/08/1907,652,42265
843814854-9,Public Enemies,2060.08,11/12/1977,225,16509
571177003-9,Mysterious Lady  The,2875.39,11/01/2010,1889,4467
635108955-7,Tomorrow  When the War Began,1194.35,12/17/1962,1982,21953
061668498-3,Sunrise: A Song of Two Humans,2939.96,05/03/1995,1389,10128
308309740-9,Dr. Gillespie's New Assistant,4051.34,11/01/1990,650,11772
354276479-5,Lost Weekend  The,3459.56,11/13/1908,678,41710
247437764-6,The Pirates of Blood River,473.34,3/29/1927,340,35000
695064915-0,1981,3394.73,7/17/2003,1694,7131
019917577-2,Jupiter's Darling,2625.52,12/18/1972,684,18298
838621928-9,Sorority House Massacre II,1481.6,10/15/1920,1065,37356
614999968-8,Tiger from Tjampa  The (Harimau Tjampa),1834.98,7/24/2006,1311,6028
913773860-7,Den sommeren jeg fylte 15,341.23,7/20/1960,988,22833
792137913-3,Everyday People,4686.73,1/28/1943,1174,29216
061949434-4,Bye Bye Monkey (Ciao maschio),2207.47,2/14/2007,158,5823
218583830-X,Congress  The,2760.18,2/18/2016,2127,2532
544445997-3,Ed,2905.53,08/05/1969,575,19530
950665054-3,Heir to an Execution,4706.07,1/19/1980,769,15711
004031451-0,Knight of Cups,2904.96,7/19/1902,381,44019
615232182-4,God Is Brazilian (Deus É Brasileiro),3687.57,07/02/1945,446,28329
406739934-0,Mi Amigo Hugo,2854.48,09/03/2002,2609,7447
325196943-9,Love Is a Woman (Death Is a Woman),1101.29,8/28/2008,1985,5262
597921840-8,Last Metro  The (Dernier métro  Le),2498.63,1/13/1927,1228,35075
450395148-3,Box  The,1212.24,08/02/1998,1776,8941
531594177-9,Euphoria (Eyforiya),3224.22,5/18/2008,1711,5364
202932257-1,Star Trek Into Darkness,2596.61,05/08/1924,1531,36055
452211364-1,Wings (Krylya),3319.05,2/23/1952,1147,25903
799421866-0,Stolen Face,183.3,05/10/1995,2443,10121
058445693-X,Open Road  The,1877.75,5/17/1985,1138,13766
423093964-7,Meat the Truth,912.09,7/29/2002,66,7484
389159051-2,Soccer Days,2320.81,3/20/1940,707,30260
154821854-5,The Mayor of Casterbridge,532.48,4/24/1983,1911,14519
393685455-6,Orlando,2357.99,8/25/1928,1538,34484
719351418-0,Happy,82.52,10/19/1951,1880,26030
055962324-0,Hills Have Eyes  The,367.63,11/06/2014,1496,3001
747447108-6,2:22,3190.06,1/30/1902,206,44189
405366700-3,Disco Godfather,4461.19,12/17/1917,1389,38388
880445331-1,Space Odyssey: Voyage to the Planets,2476.58,6/14/1935,663,32001
996597845-X,St. Trinian's,547.1,02/11/1948,1211,27375
261718820-5,Bread  Love and Dreams (Pane  amore e fantasia),4918.59,10/10/2015,2352,2662
518884004-9,For Ever Mozart,2369.02,11/16/1977,571,16504
857060935-3,Simpsons: The Longest Daycare  The,3233.34,6/21/1999,674,8618
033732572-3,Army Brats (Schatjes!),2125.36,8/27/1901,962,44345
857106544-6,14 Blades (Jin yi wei),4690.55,07/10/1941,2824,29783
151660530-6,Brotherhood  The,2860.14,11/17/1978,67,16139
832630191-4,Identity Thief,1465.22,12/17/1917,1926,38388
314522057-8,Double Tide,1852.91,8/13/1900,492,44724
978936089-4,Star Trek IV: The Voyage Home,2548.89,05/03/1919,1028,37887
999986955-6,Murphy's Romance,1221.79,1/15/1976,1823,17176
710879698-8,Bent,678.82,03/11/1935,1140,32096
689024082-0,Broken Circle Breakdown  The,4355.54,2/16/1932,651,33215
639341637-8,Exit to Hell,1569.53,2/19/1993,811,10931
285467917-2,Hell's Kitchen,710.79,5/21/1914,1534,39695
725837201-6,Dragonworld,1012.27,05/11/1952,2810,25824
447395723-3,Boxcar Bertha,2050.21,12/17/1953,336,25239
746369583-2,Producers  The,4106.16,10/18/1933,1158,32605
990776889-8,Devil's Playground  The,2675.73,10/15/2022,289,101
520580782-2,An American Tail: The Treasure of Manhattan Island,2110.73,08/06/1999,2723,8571
446544058-8,Tender Is the Night,1775.72,3/16/1919,1533,37935
769848107-7,Super Mario Bros.,1000.23,04/10/1971,1850,18917
063837734-X,Gold Rush  The,4172.96,06/02/2008,499,5349
960252914-8,Once Upon a Crime...,3544.66,3/30/1924,2191,36093
654410229-6,Pier  The (Jetée  La),1477.15,07/02/2003,1087,7146
559707894-1,Blind Side  The,4318.96,08/02/2014,467,3097
151550123-X,Hardcover,4103.56,12/26/1910,1810,40937
820661736-1,Money for Nothing,873.06,6/16/1952,643,25789
786750712-4,Voices from the List,3757.39,5/15/1972,523,18515
014915805-X,Sky Fighters (Les Chevaliers Du Ciel),159.66,5/27/2001,1840,7911
590275253-1,I as in Icarus (I... comme Icare),2757.15,12/01/1963,42,21604
901813861-4,Texasville,839.19,4/15/1972,1747,18546
571457289-0,Music Box  The,4812.08,08/05/1913,286,39984
109885850-6,Blithe Spirit,3871.44,5/23/1940,2385,30196
208093769-3,Blue Max  The,4699.95,11/01/1922,732,36609
444759468-4,Five Angles on Murder,2526.95,09/11/1913,1901,39947
195812117-7,Transylmania,1017.46,04/06/1923,24,36453
801265182-3,Sharktopus vs. Pteracuda,321.7,03/04/1971,981,18954
139681068-4,Pirates of the Caribbean: The Curse of the Black Pearl,462.68,12/25/2003,2886,6970
099191186-5,Hans (Kukkulan kuningas) ,2133.17,5/29/1971,22,18867
558938758-2,Holiday Inn,271.54,4/18/2017,1604,2106
253638086-6,Iron Eagle II,1822.32,10/15/1918,337,38087
470248192-4,Space Is The Place,1595.45,6/29/2021,1643,574
970513609-2,Chronicles (Crónicas),3788.72,9/16/1980,167,15470
460439169-6,Gen 13 (a.k.a. Gen13: The Animated Movie),4998.6,05/01/1932,670,33139
985721307-3,Hit and Runway,3514.28,03/02/1994,708,10555
071476500-7,Silmido,4100.26,05/10/1916,1245,38975
184521005-0,8MM,367.53,06/08/1998,173,8995
420477572-1,Fire in Castilla (Tactilvision from the Moor of the Fright),642.38,4/25/1916,945,38990
362034946-0,Adventures of Food Boy  The (aka High School Superhero),209.15,3/13/1924,1766,36111
948355535-3,Summer Wars (Samâ wôzu),2970.01,6/25/2006,2727,6057
250787087-7,Wrong Turn 5: Bloodlines,3728.77,3/22/2019,2506,1403
543782468-8,Bad Boy Bubby,771.38,4/16/2017,2684,2109
086177673-9,Nymph,197.86,10/04/1903,1952,43577
545225495-1,Dead Men Don't Wear Plaid,4802.21,4/20/1949,2859,26942
045465640-8,Fear,4313.08,12/02/1902,2661,43883
427253400-9,Beach  The,4057.33,02/07/1982,1325,14961
011844037-3,Forrest Gump,2079.08,02/06/2000,1523,8388
704313075-1,Rififi (Du rififi chez les hommes),3070.97,6/23/2007,1702,5693
411582484-0,Paranormal Activity: The Marked Ones,3095.34,01/09/1976,1608,17181
787639217-2,Rasputin,4407.65,07/05/1948,1301,27231
898597013-5,Royal Flash,3028.03,9/19/1983,2285,14372
366580884-7,Cockpit,4351.24,10/30/1907,823,42090
005938214-7,The Interview,4028.38,6/19/1922,557,36744
362588585-9,Tarnished Angels  The,2003.55,11/20/1960,2165,22710
336019186-2,Assassination of Richard Nixon  The,4733.88,6/27/1926,1717,35275
151942132-X,Philadelphia Experiment II,4969.19,8/14/1940,1178,30113
352433549-7,Flu,1522.06,03/06/1940,752,30274
437930889-8,Hotel,2559.54,12/22/2000,623,8068
419262898-8,Annie Hall,2682.03,6/16/2006,690,6066
850947903-8,Merchant of Venice  The,1835.42,5/14/1912,953,40432
466048391-6,Hellboy,4381.66,1/24/1974,1843,17897
824490852-1,Little Miss Sunshine,1754.49,02/07/2001,935,8021
282499384-7,Amnèsia,2612.91,12/20/1919,2002,37656
469738420-2,Alive and Ticking (Ein Tick anders),4500.47,4/21/1950,1139,26576
869260357-0,Prizzi's Honor,2227.27,7/14/1907,2117,42198
431586600-8,Wedding Party  The (Die Bluthochzeit),64.27,4/16/1992,132,11240
550890168-X,They Shoot Horses  Don't They?,3451.28,08/04/1955,1942,24645
748876139-1,Enthusiasm (Entuziazm: Simfoniya Donbassa),1390.93,12/06/1909,2883,41322
142218748-9,Hunted  The,4715.91,1/20/1969,2554,19727
331745028-2,She,1386.3,1/25/1978,2745,16435
954397051-3,Klitschko,3529.44,7/15/2006,1076,6036
425084741-1,Happy New Year (La Bonne Année),4357.59,12/14/1937,1442,31087
777704517-2,Ewoks: The Battle for Endor,3246.55,04/03/2000,1886,8331
119591921-2,Cat's-Paw  The,2134.07,7/27/1908,294,41819
492844968-1,Road  The,1709.35,10/20/1997,807,9227
562664012-6,Gifted Hands: The Ben Carson Story,2626,6/13/2011,2698,4243
539214432-2,Our Blushing Brides,4877.21,9/28/1994,1648,10344
777880488-3,Gangs of Wasseypur,1670.86,6/24/1984,2937,14092
299552233-4,Shrek,548.5,4/24/1913,2087,40087
888924731-2,I Can't Think Straight,4126.89,11/17/1902,1620,43898
296060627-2,Judex,3786.59,09/08/1948,737,27166
525804147-6,Good Year  A,4803.38,1/20/1969,1879,19726
783632954-2,Life as a House,4096.21,9/30/2007,2534,5594
038858002-X,Rosso,4483.7,07/08/1966,1699,20654
903140448-9,Ghost of Frankenstein  The,3068.96,4/24/1930,2902,33878
596921321-7,Last Letter  The (La dernière lettre),1232.52,7/27/1977,726,16617
075552745-3,Goodbye Solo,4135.32,1/31/1944,2173,28847
433157482-2,St. Elmo's Fire,4590.13,2/25/2020,1675,1064
629685563-X,Slipping-Down Life  A,50.76,4/28/1919,439,37892
346770644-4,Bird,2280.45,11/17/1919,284,37689
984315406-1,Year One,4679.38,6/28/1979,467,15916
499642138-X,Mexican  The,4329.35,10/25/2001,1084,7761
214074373-3,Diaries of Vaslav Nijinsky  The,3297.09,4/14/1941,135,29870
104970057-0,Zen Noir,4398.12,12/03/1924,334,35845
922761946-1,Advance to the Rear,4740.53,12/14/1934,774,32183
300788120-X,Full Moon in Blue Water,1914.83,5/17/1971,2077,18880
057086053-9,Stepfather II,4386.22,10/15/2019,1817,1197
196222594-1,Salvador (Puig Antich),3076.59,11/05/2014,1559,3001
890761462-8,At Home by Myself... with You,1378.39,08/06/1914,926,39618
276080937-4,But Not for Me,1691.55,12/10/1950,1194,26343
104539994-9,Enter the Void,4283.03,5/29/1967,1203,20329
010294334-6,Like Dandelion Dust,215.36,7/14/1969,803,19551
282061619-4,Event Horizon,209.61,9/17/2018,651,1590
761785069-7,Come and See (Idi i smotri),316.75,9/26/1983,2056,14365
647692596-2,Ravenous,1294.13,01/03/2002,651,7691
242633900-4,Dancing at the Blue Iguana,1689.9,4/16/1942,1035,29503
732976485-X,All Superheros Must Die,1393.8,12/30/1975,435,17192
089827327-7,Ring  The,4591.73,4/22/1997,2625,9408
841652701-6,Slaughterhouse,2498.37,8/16/1953,284,25363
005166019-9,Story of Three Loves  The,2908.5,07/05/1974,2998,17735
489575244-5,Hammer  The,4648.8,08/10/1947,2596,27561
652104002-2,The Inspector,3257.24,12/22/2017,416,1859
515910427-5,Substitute  The,2535.65,02/04/1911,1011,40897
970609908-5,Guinevere,4618.02,1/26/1933,1982,32870
933560077-6,Karlsson Brothers (Bröderna Karlsson),4909.15,12/17/1903,2290,43503
664787942-0,Macheads,4682.63,11/28/1919,1638,37678
899639325-8,Watermelon Woman  The,3737.77,12/19/1946,326,27795
347741362-8,Phil Spector,618.78,10/31/1956,1376,24191
369202052-X,Big Steal  The,32.47,02/02/1954,1884,25193
134500740-X,ABCs of Death  The,1687.89,3/31/1979,518,16005
647565144-3,Blue Like Jazz,1697.35,5/29/1912,2904,40416
063516944-4,Northeast,3781.63,11/11/1980,707,15414
670648382-6,Rasputin,3130.33,2/15/1969,2236,19701
998785144-4,Jungle Fighters,1013.33,5/20/1941,2241,29833
590513508-8,Invitation to Happiness,4968.19,5/14/2009,2452,5002
328642086-7,Raisin in the Sun  A,1146.08,05/05/1922,1107,36789
250637104-4,Don't Torture a Duckling (Non si sevizia un paperino),1325.2,8/21/1941,1934,29741
456418917-4,Psycho Beach Party,90.02,05/04/1913,2801,40077
816279978-8,Bad Boys,1872.14,9/29/2001,445,7786
078057280-7,Whose Life Is It Anyway?,156.19,03/11/2001,1154,7989
570065088-6,Deathmaker  The (Totmacher  Der),4460.88,12/10/1938,1379,30726
624177071-3,Rain People  The,4044.6,03/02/1964,1458,21512
412865636-4,Saving Otter 501,1688.28,1/18/1964,1784,21555
514036902-8,Longtime Companion,3103.3,12/16/1997,60,9170
611545940-0,White Diamond  The,961.69,12/09/1984,1510,13924
713017564-8,Who Is Harry Nilsson (And Why Is Everybody Talkin' About Him?),4624.33,4/26/1939,2694,30589
416640007-X,Man in the Iron Mask  The,1509.31,06/03/1971,1963,18863
507903468-8,The Killing Jar,2211.62,10/22/1970,1260,19087
665065306-3,Alligator,4727.86,04/09/1948,853,27318
853082804-6,Pusher,4125.35,7/18/1977,1706,16625
902000165-5,Mr. Brooks,4765.96,08/12/1906,2458,42534
985669631-3,Grace Unplugged,4919.92,10/04/1989,1201,12165
469223621-3,Execution of P  The (Kinatay),3245.74,1/20/1993,1381,10960
214645187-4,Naked Weapon (Chek law dak gung),4502.35,9/30/1907,1735,42120
374013550-6,Animal House,2957.13,7/30/1924,395,35972
409592277-X,My Amityville Horror,542.69,11/02/1916,2682,38799
030349464-6,The Hellions,931.71,10/07/2006,428,5953
882361204-7,Tibet: Cry of the Snow Lion,2360.32,5/19/1986,1598,13399
742062198-5,Punk Syndrome  The (Kovasikajuttu),2405.13,10/26/1961,305,22370
364051961-2,Lisa,984.45,11/10/2021,1529,440
865315847-2,Shootist  The,1600.8,01/09/1902,548,44209
267122413-3,Blade II,2307.34,12/06/1955,1605,24521
116217913-9,Pervert's Guide to Ideology  The,4396.23,8/17/1974,2125,17692
047828017-3,Die Fischerin,607.12,8/17/1923,2695,36320
570754997-8,Year of the Jellyfish (L'année des méduses),3651.01,08/05/1968,1876,19895
671807541-8,Fist of Jesus,3109.02,12/11/1925,2533,35473
932367853-8,Beyond Tomorrow (Beyond Christmas),1377.91,2/21/1950,492,26635
676279354-1,Calamari Union,1468.8,06/01/2009,2901,4985
530876907-9,Texas Chainsaw 3D,924.2,10/24/1924,1847,35886
719809083-4,Pieta,3659.22,9/20/1909,2028,41398
779094175-5,Big Bad Mama II,3197.13,2/23/1994,2224,10562
301539255-7,Fay Grim,2670.97,3/22/1926,115,35372
915257653-1,Un vampiro para dos,3607.73,12/28/2001,1316,7697
837908672-4,Two Weeks in September,1608.3,05/07/1959,2881,23273
723424403-4,Star Wars: Episode III - Revenge of the Sith,2075.06,05/11/2007,594,5736
108116122-1,Bears,4866.91,1/14/2023,2644,10
535084992-1,Lost World  The,1980.71,11/16/1937,1492,31115
887854940-1,Otis,530.6,12/27/2012,735,3680
659571185-0,Iron Man,1626.85,8/20/1911,2992,40700
576488560-4,Missile to the Moon,3374.69,09/04/2013,2056,3429
944791284-2,Marius,482.89,10/18/1980,488,15437
668641127-2,Spring Forward,350.07,2/27/1931,2486,33569
824586608-3,Patriot  The,904.43,10/01/1920,1238,37370
485745262-6,Katt Williams: Priceless: Afterlife,4032.23,10/09/1999,934,8508
744720414-5,Heart of Midnight,1644.6,4/27/1931,1050,33510
359146914-9,Killing Us Softly 4: Advertising's Image of Women,523.63,1/14/1962,2060,22290
100482560-9,Army of Darkness,2867.66,8/14/1994,2422,10389
327589347-5,Living Proof,4729.48,10/27/2012,2695,3741
681322521-9,Rocky V,1055.8,3/18/1983,2207,14556
524538961-4,First Daughter,4879.17,01/02/1993,2193,10978
409386086-6,Mary,1755.92,01/06/2001,1726,8053
486702576-3,Dying Breed,4314.27,10/14/1995,2224,9963
906598764-9,Young Detective Dee: Rise of the Sea Dragon (Di Renjie: Shen du long wang),1405.74,8/16/1932,1166,33033
384385305-3,Doctor  The,4874.43,11/07/1973,2410,17974
083370317-X,Mad Masters  The (Les maîtres fous),2010.17,02/02/2016,1366,2548
340271374-8,Brother (Brat),4124.7,02/07/1949,2564,27014
227461881-X,Way Ahead  The (a.k.a. The Immortal Battalion),4768.89,4/26/1963,920,21822
456808697-3,Krays  The,818.14,4/17/1925,2362,35711
880466706-0,Cougars  Inc.,4958.69,02/04/1914,1534,39801
351737546-2,The 11 Commandments,660.89,5/31/1960,359,22882
003370257-8,American Ninja 5,4513.81,7/25/1933,830,32689
094363556-X,Sins of My Father,1938.72,10/16/1928,2712,34433
333627472-9,Murder!,258.15,03/02/1949,2374,26991
113803835-0,Stop Making Sense,471.66,02/05/1976,994,17154
118854628-7,Hunter  The,660.65,07/01/1966,1481,20661
799942188-X,Tokyo Trial (Tokyo saiban),2775.75,7/26/1995,549,10044
693417154-3,Holy Innocents  The (Santos inocentes  Los),4196.04,3/17/2015,1555,2870
806363853-0,Union Square,3624.51,8/15/1982,307,14772
421648592-8,Till Human Voices Wake Us,3168.12,6/18/1945,2375,28343
031535973-0,House II: The Second Story,4654.23,01/04/1993,820,10977
423863350-4,Faith School Menace?,3722.1,06/01/1970,439,19230
650347842-9,Boy Meets Girl,4175.42,03/05/1904,1663,43423
091660064-5,Wool Cap  The,4550.24,2/16/1955,2814,24814
026965729-0,From Paris with Love,611.58,4/14/1914,303,39732
873449182-1,Brainscan,1534.05,2/15/2011,2365,4361
751473416-3,Mark Shoots First,526.06,7/30/1929,2684,34146
716881948-8,Citizen Toxie: The Toxic Avenger IV,3586.96,03/11/1996,223,9815
568021200-5,Peggy Sue Got Married,327.5,9/13/1931,1791,33370
773257395-1,Birds  the Bees and the Italians  The (Signore & signori),3328.37,10/15/1995,2681,9963
495401756-4,Rocky III,2786.28,4/26/1952,139,25839
238854319-3,Football Factory  The,633.98,12/31/1972,1299,18286
413665024-8,Fires on the Plain (Nobi),3206.23,9/19/2017,224,1953
031396136-0,Fighting Seabees  The,1030.53,11/01/1936,2079,31495
305911337-8,Bulletproof Monk,2029.41,11/25/1917,504,38411
481304485-9,Ichi the Killer (Koroshiya 1),4135.6,6/24/1982,1709,14823
536509347-X,Man with the Screaming Brain,3364.9,01/09/1904,2459,43480
730083869-3,Teen Spirit,1222.81,7/15/1982,2210,14803
870653034-6,Lost Boundaries,1111.86,3/18/1958,2883,23687
930461500-3,Popeye,2896.58,04/02/1902,487,44126
456908243-2,Patrick,3689.69,6/16/1940,414,30171
104814319-8,Remember Me,3443.14,12/25/1922,1653,36555
338970070-6,Love Meetings (Comizi d'amore),879.66,6/18/1953,2837,25422
302464990-5,Henry,1417.06,9/25/1931,2684,33358
009360292-8,L.627,2615.59,8/16/1976,2547,16961
343134863-7,Me tulemme taas,4997.4,3/16/1912,2725,40491
599855439-6,Let It Be,3403.1,10/03/1977,2672,16549
739628009-5,Knot  The,3116.28,8/13/2016,1693,2354
388585133-4,Of Mice and Men,791.09,11/15/1982,142,14679
564541654-6,I Was Born  But... (a.k.a. Children of Tokyo) (Otona no miru ehon - Umarete wa mita keredo),3850.39,03/02/1934,2688,32470
087444420-9,Affluenza,4785.84,11/28/1963,2133,21607
692421134-8,Every Day,3995.32,4/20/1995,1602,10141
705933352-5,Paperhouse,4754.14,10/04/1976,52,16912
050306395-9,Lords of Flatbush  The,3706.72,05/03/1917,681,38617
749792379-X,Jekyll & Hyde,2051.1,11/09/1917,214,38427
255259141-8,Rain,2910.2,11/22/1942,1720,29283
250701180-7,Something Wild,2233.34,7/21/1926,85,35251
500307235-X,Singing Detective  The,2248.35,05/06/2013,442,3549
802682234-X,13 Beloved (13 game sayawng),1167.23,05/01/1936,2410,31679
391642173-5,Black Coffee,3092.81,12/07/1920,862,37303
979532819-0,Gold Diggers of 1935,305.57,03/06/1986,1538,13473
349835079-X,Taxi!,1443.26,10/02/1937,1216,31159
600947949-5,Guns of Fort Petticoat  The,2277.64,09/08/1911,1129,40681
587238706-7,Coldblooded,4522.63,3/27/1954,2013,25139
252262224-2,BloodRayne: The Third Reich,1618.71,7/26/2013,906,3468
979454955-X,Rigor Mortis (Geung si),1550.17,8/26/1929,1433,34119
444909627-4,Nanny  The,2336.53,09/06/1977,881,16576
926738861-4,Easy Money 2 (Snabba cash II),824.19,11/21/1951,2708,25996
224083542-7,Jackass 3.5,2627.77,3/14/1986,1296,13464
585288807-9,Born in Flames,937,10/19/1949,2294,26760
995316157-7,Deer Hunter  The,3666.72,01/06/1922,1138,36908
892221883-5,Living in Emergency: Stories of Doctors Without Borders,1593.39,09/07/1937,1369,31185
011141396-6,Fiddle-de-dee,1275.49,10/19/1967,530,20186
067918329-9,Wedding Trough (Vase de noces),1715.9,6/22/1936,2397,31627
264912495-4,Luther,741.63,11/05/1981,2343,15055
171130122-1,Double  Double  Toil and Trouble,3255.35,06/03/1936,981,31646
897991080-0,Bright Future (Akarui mirai),3641.59,4/19/2006,2140,6123
127318634-6,Inequality for All,4649.22,12/30/1971,2418,18653
750784013-1,Brother,1419.56,06/03/2016,310,2425
477146392-1,Dirty Harry,622.78,12/27/1923,2715,36187
704319150-5,And Life Goes On (a.k.a. Life and Nothing More) (Zendegi va digar hich),1668.75,09/04/1980,530,15482
958665354-4,Blood Ties,4697.52,4/27/2017,1809,2098
111135173-2,Osmosis Jones,2219.44,10/26/1971,492,18717
749846863-8,Brass Monkey,4902.64,11/15/1992,2051,11026
406960068-X,Mark of Zorro  The,4266.52,06/08/1910,432,41137
621849487-X,Paheli,3771.16,04/02/1967,916,20386
104248231-4,Great Muppet Caper  The,2980.4,06/03/1944,2977,28724
211763838-4,George Carlin: Life Is Worth Losing,4172.6,08/02/1934,476,32317
240369716-8,Somebody to Love,3347.25,10/25/1952,1657,25658
580906761-1,Revenant  The,135.25,7/16/1916,2751,38907
868691329-6,Le printemps  l'automne et l'amour,3280.26,9/22/1903,481,43589
605080959-3,Electra Glide in Blue,1387.68,01/04/2007,129,5863
826689382-9,Monty Python's Life of Brian,3776.9,1/14/1994,456,10601
939695781-X,Desert Bloom,4986.7,11/06/1948,2152,27107
412534757-3,Smilin' Through,3139.45,9/29/1924,2569,35910
222003136-5,Kill Theory,888.38,6/13/1917,112,38576
202168377-X,Rambo: First Blood Part II,724.38,12/12/1977,1143,16478
164113235-3,Stray Dog (Nora inu),3018.82,9/22/2022,1437,123
814573297-2,End of America  The,1960.54,9/15/2020,253,860
730709435-5,Fiorile,4054.7,03/09/1969,2094,19679
907602162-7,Paying the Price: Killing the Children of Iraq,1148.75,3/30/1916,84,39016
924281169-6,Christmas on Mars,660.11,4/15/1986,2254,13432
488862040-7,Straightheads (Closure),4414.89,12/05/1928,1253,34383
555406868-5,Urban Ghost Story,4649.18,8/24/1994,1683,10379
626243074-1,Chase a Crooked Shadow,4220.03,12/25/1913,1768,39842
677226940-3,Bucket of Blood  A (Dark Secrets) (Death Artist  The),2580.89,1/16/1908,2073,42012
781131933-0,Every Which Way But Loose,1710.05,11/02/1943,1018,28938
005658859-3,Growing Pains,2074.94,12/13/2005,1011,6251
838639016-6,David et Madame Hansen,149.09,12/05/1900,2959,44609
498806263-5,Child Is Waiting  A,1783.23,11/26/1941,1820,29644
429451569-4,Union Pacific,3837.65,7/30/1912,1712,40355
608194593-6,Children of Men,2362.89,07/07/2017,2603,2027
657936238-3,The Paris Express,1184.13,4/14/1907,2313,42289
998234189-8,X from Outer Space  The (Uchû daikaijû Girara),1221.7,1/29/1933,337,32867
856306595-5,Prophecy,2802.83,1/25/2010,360,4746
904067804-9,Montenegro,2722.34,8/17/1907,2442,42164
914274754-6,Marva Collins Story  The,1933.66,07/07/1928,2236,34534
204409556-4,Starship Troopers 2: Hero of the Federation,1838.21,08/09/1955,350,24639
557289340-4,Killer Condom (Kondom des Grauens),4060.65,10/02/2014,2005,3035
009974329-9,24 Hour Woman  The,2807.2,05/04/1956,2854,24371
221773053-3,Muhammad Ali's Greatest Fight,2187.93,9/16/1964,212,21314
025856398-2,Legally Blonde 2: Red  White & Blonde,1970.67,1/17/1965,933,21190
354668186-X,Magic Sword  The,1521.42,02/12/1920,2477,37602
970643009-1,Dead Genesis,2480.92,05/09/2011,886,4278
088261187-9,Trek Nation,3577.52,08/04/2016,86,2363
142038855-X,Million Dollar Legs,4301.26,05/12/1976,591,17057
688054396-0,The Haunting of Helena,1891.8,11/25/1983,1585,14305
731764481-1,Helen,4068.17,5/20/1902,1204,44079
802858414-4,Return of the Pink Panther  The,3489,08/04/2020,211,903
814381809-8,All About the Benjamins,2991.07,4/16/1906,2568,42652
943125112-4,Coup de grâce (Der Fangschuß),2733.7,5/23/1967,1392,20335
286811949-2,Decameron  The (Decameron  Il),1664.91,06/05/1946,2314,27992
345728253-6,16 Blocks,3765.32,2/27/2013,1104,3618
292106619-X,Lost Weekend  The,2465.24,6/20/1948,208,27246
284326341-7,Alligator Eyes,4209.75,07/01/1923,2407,36367
351331102-8,The Squeeze,4597.87,11/15/1953,2236,25272
838364654-2,Age of Stupid  The,4717.33,11/16/1906,1743,42438
660839829-8,Bravo Two Zero ,1805.48,02/06/2004,693,6927
855580561-9,Resurrect Dead: The Mystery of the Toynbee Tiles,734.39,5/25/1976,2168,17044
822408208-3,Adios Carmen,1447.16,1/24/2010,2323,4748
727759561-0,Myn Bala: Warriors of the Steppe,2187.9,09/07/1995,2925,10000
756654847-6,Post Grad,1754.2,4/29/1936,1357,31681
758447266-4,Death of Mr. Lazarescu  The (Moartea domnului Lazarescu),2995.2,2/23/1923,2196,36495
551525818-5,Miracle of Marcelino  The (Marcelino pan y vino),2788.46,08/01/1955,1570,24648
496847346-X,Sweeney Todd,2241.39,3/14/1944,2638,28804
197955582-6,Hamoun,162.8,7/31/1943,2501,29032
059680656-6,Great Debaters  The,4503.96,12/07/1935,2614,31825
368276180-2,On Her Majesty's Secret Service,1806.24,08/06/1932,755,33043
271787685-5,Like Mike,2615.14,7/30/1997,1976,9308
482364979-6,Teddy Bear (10 timer til Paradis),551.07,2/16/1916,382,39058
777711294-5,Abbott and Costello in the Foreign Legion,3955.63,5/25/1981,2991,15218
804588292-1,Closet  The (Placard  Le),674.31,04/12/2000,2420,8322
495087045-9,Pirates Who Don't Do Anything: A VeggieTales Movie  The,1132.05,02/03/1941,42,29940
946477236-0,Love Crazy,3053.61,01/08/1921,1451,37271
052308863-9,Nanny McPhee,4524.44,8/21/1963,2728,21706
855775871-5,Witch Who Came from the Sea  The,4799.16,5/13/1958,2848,23632
070732514-5,Son of the White Mare,428.36,5/24/2014,1748,3167
558605258-X,Supercross,3092.79,7/26/2022,1087,181
810562676-4,Safe Sex,4153.89,9/28/1982,1397,14728
057027257-2,Jesus Camp,3143.49,12/13/2009,836,4790
645759126-4,D.E.B.S.,3197.74,03/11/1971,1107,18946
059289653-6,You May Not Kiss the Bride,1499.76,03/11/1927,2639,35018
656858323-5,V/H/S: Viral,1706.34,3/30/1968,2662,20022
774617720-4,Finian's Rainbow,1022.99,10/11/1926,1979,35169
237825010-X,Spy Kids: All the Time in the World in 4D,315.92,12/13/1990,2897,11730
401518831-4,Dance of Reality  The (Danza de la realidad  La),4180.31,1/19/2000,996,8406
643049432-2,Eureka,325.75,07/08/2010,324,4583
546451931-9,Stranger Among Us  A,4934.67,1/20/1982,1889,14979
209718326-3,Why Not? (Eijanaika),782.36,10/12/1928,1732,34437
532722341-8,Out of the Ashes,2453.76,8/17/1968,793,19883
336171306-4,No Man's Land,3944.11,3/28/2000,165,8336
788550753-X,Woman on Top,2429.91,2/21/1949,1084,27000
374917501-2,Tooth Fairy 2,3009.89,8/21/2010,2384,4539
152800213-X,Kiki's Delivery Service (Majo no takkyûbin),3531.38,6/18/2004,1023,6793
178266622-2,The Last Gladiators,2903.37,11/17/1918,1135,38054
352106476-X,Good Mother  The,1855.78,11/11/1980,210,15414
153131723-5,Wrong Move  The (Falsche Bewegung),3457.01,10/27/1957,2330,23830
588753930-5,High Test Girls,4746.55,12/26/1914,101,39476
292838473-1,Bonsái,4450.06,11/14/2011,1357,4089
619055539-X,Lad: A Dog,456.77,2/14/1903,1469,43809
693216061-7,Amazing Journey: The Story of The Who,1917.19,03/07/1937,1335,31369
037370952-8,Millennium Actress (Sennen joyû),4442.2,07/05/1946,1499,27962
620785513-2,Between Two Worlds,3019.08,6/18/1957,642,23960
761787626-2,Air Bud,4910.12,1/29/1958,2449,23735
221037307-7,Candles on Bay Street ,4906.36,11/01/1938,583,30765
059448911-3,If I Had a Million,2481.01,07/05/1908,1104,41841
130671261-0,Monty Python's The Meaning of Life,2338.18,07/07/1976,51,17002
853146735-7,Lord of Tears,218.75,01/01/1932,2238,33261
782334908-6,Grace Lee Project  The,1911.07,08/01/2001,961,7846
196892732-8,What Have I Done to Deserve This? (¿Qué he hecho yo para merecer esto!!),1544.53,3/17/2018,469,1774
721681572-6,Three-Step Dance,3739.16,05/01/1981,243,15243
850591305-1,Buddy Boy,4493.11,2/25/1921,616,37223
208892461-2,Introducing Dorothy Dandridge,4871.58,12/17/2022,2874,37
484897821-1,Teheran 43: Spy Ring (a.k.a. Assassination Attempt) (Tegeran-43),2110.22,4/14/1976,2806,17086
765008030-7,Last Summer in the Hamptons,1394.23,09/02/1957,2085,23885
154830292-9,Lupin III: The Castle Of Cagliostro (Rupan sansei: Kariosutoro no shiro),378.04,10/09/1995,929,9969
666605190-4,Hunky Dory,2967.03,6/19/1973,1395,18116
791239865-1,Ethel,1527.94,5/27/1942,94,29462
134585520-6,Bikini Beach,472.21,1/29/1921,635,37250
245870543-X,Woman Who Drinks  The (La femme qui boit),2418.48,10/19/1915,1835,39178
612856255-8,Apple Dumpling Gang  The,998.34,06/10/2001,1810,7898
058275163-2,The Brides of Fu Manchu,1074.93,10/12/1949,795,26767
209460697-X,Seed,3114.9,10/16/1963,1174,21649
338020342-4,Dead Man's Walk,3803.19,4/17/1952,2661,25849
397265841-9,Breathing Room,1162.15,9/20/1956,644,24232
147258091-5,Seize the Day,1098.53,07/02/1907,1005,42209
701476833-6,Deathstalker II,419.71,11/16/1968,2012,19792
990327424-6,Caine Mutiny Court-Martial  The,3257.29,6/22/1973,1560,18112
522042417-3,Little Lord Fauntleroy,3230.88,09/05/1903,1233,43606
636715372-1,Back to the Future Part III,4982.46,2/25/1983,969,14578
313230318-6,Mangler  The,1669.79,6/28/1909,1483,41483
409234235-7,Backstairs (Hintertreppe),1288.9,5/24/2000,907,8280
886936691-X,Uncovered,562.09,04/07/1985,2508,13806
686975766-6,Skyjacked,3809.62,12/29/1968,2369,19749
597858724-8,Out for a Kill,4725,04/05/2019,1450,1390
808469564-9,Timerider: The Adventure of Lyle Swann,3960.01,08/07/1992,1867,11126
229599020-3,Death of Mr. Lazarescu  The (Moartea domnului Lazarescu),369.92,12/04/1994,460,10277
450252725-4,Damned the Day I Met You,3836.78,06/01/1986,1975,13386
331973345-1,When Jews Were Funny,561.79,6/20/1904,700,43317
223594108-7,Severed Arm  The,2777,08/03/1900,1505,44734
705680908-1,Nine Ways to Approach Helsinki (Yhdeksän tapaa lähestyä Helsinkiä),4167.84,02/07/1946,1322,28110
682050654-6,Hiding Cot (Piilopirtti),3140.77,08/06/1924,1517,35965
358161598-3,Time Traveler's Wife  The,1965.55,12/15/1940,123,29990
188844470-3,Other Dream Team  The,1195.05,12/27/1982,145,14638
227258404-7,Blink,536.08,3/17/1980,140,15653
950843945-9,American Outlaws,3802.59,8/31/1918,2043,38132
067801240-7,Castle of Cloads  The (Pilvilinna),2303.25,2/26/1992,459,11290
634715964-3,Recount,2991.78,10/26/2013,1424,3377
682868375-7,Seed,226.38,08/11/2012,699,3818
455542109-4,Great Passage  The (Fune wo amu),4993.38,10/13/2009,1896,4851
478100782-1,Went the Day Well?,2303.53,11/18/1952,1008,25634
090593156-4,Boys Life,1966.89,9/20/2001,2561,7796
475524566-4,Deadline,1578.72,6/14/1923,841,36384
524874398-2,Querelle,4769.96,07/10/2004,2113,6772
029742686-9,Trapped Ashes,830.3,6/17/1969,2573,19579
547989140-5,Lucky Lady,3463.04,05/06/2005,91,6472
524523299-5,Flodder in Amerika!,358.73,4/27/1903,2520,43737
282582235-3,Island of Lost Souls,4069.36,12/21/1926,651,35098
166204841-6,Clean Slate,1498.07,1/17/1912,2988,40549
688406384-X,Night Ambush (Ill Met by Moonlight),1854.77,8/23/1994,1563,10381
469832676-1,Heimat - A Chronicle of Germany (Heimat - Eine deutsche Chronik),1587.86,07/06/2020,880,932
199411419-3,Gangsters,3339.44,04/11/1970,1194,19281
874251921-7,Princess Mononoke (Mononoke-hime),1549.91,3/13/1937,1458,31363
201189933-8,Simpsons: The Longest Daycare  The,2208.96,09/08/2018,2387,1599
264378907-5,Simpsons Movie  The,74.21,7/18/1949,2018,26853
744774785-8,Commander Hamilton (Hamilton),4159.25,9/14/1964,694,21316
222574759-8,Roman,2609.54,06/05/1933,2240,32739
381541863-1,Elevator ,970.07,10/12/1902,52,43933
128315275-4,Bury My Heart at Wounded Knee,3423.16,10/28/1959,1106,23099
614584482-5,Green Ray  The (Rayon vert  Le),3236.91,3/28/2015,1749,2859
457092876-5,Ice Castles,1720.86,7/13/1961,2031,22475
814239293-3,Don't Torture a Duckling (Non si sevizia un paperino),1225.37,4/14/1986,2137,13434
329044524-0,Deadly Trap  The (La maison sous les arbres),1235.21,6/16/1951,2416,26155
641885769-0,Madonna: Truth or Dare,891.3,09/11/1944,2781,28624
619627005-2,Double Dynamite,4557.74,10/06/1946,184,27869
386624951-9,Live Nude Girls Unite!,358.89,4/15/1982,2392,14894
326659460-6,God's Pocket,2454.54,03/12/1943,2060,29173
259084724-6,Housekeeper  The (femme de ménage  Une),2956.9,3/24/1929,1961,34274
202388938-3,All Cheerleaders Die,3841.4,03/12/1970,927,19311
499719352-6,Gun the Man Down,2530.86,8/30/1963,1879,21697
897740329-4,Short Sharp Shock (Kurz und schmerzlos) ,3842.62,6/22/1994,1787,10442
008881477-7,Dragon Ball: Mystical Adventure (Doragon bôru: Makafushigi dai bôken),4938.88,8/24/1934,1141,32295
002846128-2,John Q,272.67,01/09/1923,2803,36540
335343696-0,Jeepers Creepers,3937.45,10/19/1959,1524,23108
542426019-5,Big Bad Wolves,1728.09,07/12/1977,1466,16631
280389127-1,Love Is a Many-Splendored Thing,3256.78,8/23/1952,201,25721
151153853-8,House IV,4170.16,7/27/1987,2888,12965
073177131-1,OSS 117: Cairo  Nest of Spies (OSS 117: Le Caire nid d'espions),3613.92,09/01/1976,701,16945
884454119-X,Heartbeeps,4562.33,09/03/1967,2691,20232
996522345-9,Call Northside 777,4550.03,12/07/1907,307,42052
683848556-7,Breaking Wind,1568.13,3/16/2006,1295,6157
718608686-1,Blood Diamond,4940.02,12/01/1923,1006,36214
980294682-6,Heli,2073.5,5/17/1999,2198,8653
061598774-5,Millionaire for Christy  A (Golden Goose) (No Room for the Groom),1568.51,12/11/1909,2952,41317
477654644-2,Nothing's All Bad,325.26,7/25/1913,1647,39995
189504336-0,3 Blind Mice,58.26,6/30/1989,221,12261
213800671-9,There Goes My Baby,1231.97,01/09/1937,686,31426
549284859-3,Full Monty  The,482.22,02/02/1905,2983,43090
588315595-2,Prize Winner of Defiance Ohio  The,4529.43,4/22/1948,235,27304
443450545-9,Society,2126.39,12/18/1900,1343,44597
344811417-0,Othello,3599.12,7/26/1907,1147,42186
625659062-7,Milky Way  The,3456.3,3/28/1924,2635,36096
073624659-2,Mummy's Ghost  The,2826.49,7/21/2001,1234,7857
250780523-4,Fading Gigolo,1099.76,2/14/1949,389,27007
181027951-8,Death of a Dynasty,3961.1,11/17/1981,562,15043
277476567-6,Fantastic Mr. Fox,4939.52,8/21/1958,340,23532
056558409-X,She's So Lovely,2264.51,9/15/2018,463,1592
438410478-2,23 Paces to Baker Street,413.14,01/03/1928,244,34719
000515695-5,40 Pounds of Trouble,800.15,3/27/1912,2890,40480
952851088-4,Officer's Ward (chambre des officiers  La),2744.49,6/16/1956,384,24328
020525417-9,Midnight in Paris,4998.48,12/09/2016,2957,2236
248931007-0,Fire Birds,2667.17,11/18/1982,2723,14677
680826114-8,In Enemy Hands,3504.35,9/19/1934,2233,32269
320280768-4,The Plague of the Zombies,4794.56,06/07/1933,1316,32738
229280026-8,White Dwarf  The (Valkoinen kääpiö),1369.51,12/29/1985,2087,13540
921219889-9,Letting Go of God,2663.27,12/14/2006,1626,5885
223061986-1,World Is Not Enough  The,2609.79,07/11/1993,1812,10788
225518023-5,Big Shot's Funeral (Da Wan),4257.12,2/14/1905,1955,43077
410055480-X,Open Season,2029.7,05/05/1963,1501,21814
303574128-X,Boys Life 4: Four Play,4330,11/11/1970,1950,19067
290176799-0,Min and Bill,2002.3,10/20/1972,677,18358
258970476-3,Back to the Secret Garden,3965.11,10/04/1990,2937,11799
756728994-6,Georgy Girl,3385.12,12/14/1970,1010,19034
355812862-1,I Am Not a Hipster,2789.32,12/18/1979,2561,15743
869816300-9,Twilight of the Golds  The,3472.13,3/16/2020,948,1044
659173597-6,Civil Brand,4529.53,5/29/1922,187,36765
172003260-2,Three Stooges in Orbit  The,1077.24,3/29/2021,2808,666
470838021-6,Slumber Party Massacre  The,2470.65,07/02/1964,1441,21390
657258235-3,Changeling,4707.56,1/20/1945,900,28492
405045143-3,Kill Me Later,1373.14,02/02/1959,1364,23367
625099171-9,Memento Mori (Yeogo goedam II),2137.3,7/22/1979,342,15892
263797983-6,Kimjongilia,4778.03,01/07/2019,750,1477
558548903-8,Charley Varrick,2761,4/23/1998,1067,9042
218734190-9,Four more years (Fyra år till),3335.71,8/19/1912,2067,40334
661406239-5,December 7th,4184.45,10/10/1961,1897,22386
354855098-3,Breed  The,957.71,6/16/2000,2823,8257
491121545-3,Nobody Will Speak of Us When We're Dead (Nadie hablará de nosotras cuando hayamos muerto),4181.48,01/06/1921,313,37272
952448354-8,Poseidon,3552.94,6/27/1983,1274,14456
155989287-0,Boys of St. Vincent  The,3411.01,8/23/1983,1058,14399
793786322-6,Bats,304.97,06/04/1980,1765,15573
246170169-5,Brighton Rock,3339.51,05/12/2016,2432,2448
533435724-6,Desert Hearts,2832.88,01/11/1938,1196,31058
096464826-1,Legally Blondes,3008.69,2/25/1908,1668,41972
932951482-0,Songs From the Second Floor (Sånger från andra våningen),1352.98,11/11/1953,2903,25276
341500787-1,Populaire,1473.56,7/30/2014,2575,3100
722234978-2,Better Than Chocolate,2964.76,9/22/1900,2548,44684
729465490-5,Martin & Orloff,85.18,3/26/1982,104,14913
689887686-4,Power (Jew Süss),178.78,11/27/2021,2648,423
165353336-6,Elite Squad (Tropa de Elite),220.94,7/31/1967,2526,20266
581802038-X,Asoka (Ashoka the Great),3562.48,11/29/2017,2299,1881
663511297-9,Divorce,3973.61,11/02/2015,735,2640
659041613-3,Schizopolis,3338.61,5/15/2008,1340,5367
725008696-0,Rebirth of Mothra,145.98,12/31/1947,152,27417
137817333-3,Spanglish,1523.56,01/07/1979,1697,16088
661281399-7,Socialism (Film socialisme),4463.9,03/07/1966,471,20777
261249707-2,Man Who Could Work Miracles  The,2940.27,02/01/2010,2453,4740
849513762-3,Ghost Rider,127.44,01/05/1926,122,35448
796010235-X,Harold & Kumar Escape from Guantanamo Bay,456.36,7/30/1917,2765,38528
176919944-6,Young Lieutenant  The (Le petit lieutenant),4659.85,2/14/1965,1798,21162
792576331-0,Pride and Glory,644.66,4/21/1922,2150,36803
031246304-9,I Wake Up Screaming,2398.84,4/15/1972,1262,18546
189047837-7,Art of Flight  The,1119.37,1/31/1946,1063,28116
644859051-X,Black Cauldron  The,4567.34,9/30/1901,2332,44311
875697410-8,Scattered Clouds (Midaregumo),4187.43,3/20/1934,2576,32451
484811519-1,Jude the Obscure,623.28,4/20/1992,2876,11236
410991984-3,Rated X,4294.83,9/21/1967,2375,20214
678297390-1,Deep  The,2900.86,1/18/2006,11,6215
274266487-4,Willow Creek,858.86,06/02/1987,317,13020
226470796-8,Balkan Spy (Balkanski spijun),2325.78,5/24/1995,2305,10107
967730842-4,Kung Fu Panda,3561.45,07/05/2000,82,8238
591099737-8,Above Us Only Sky,3799.12,1/26/2002,283,7668
075010259-4,Island in the Sun,4380.02,9/23/1985,2404,13637
896188110-8,Common Threads: Stories from the Quilt,4372.71,11/14/1984,1244,13950
617538506-3,Madhouse,3467.13,1/23/1922,1098,36891
384215923-4,Some Girl(s),675.63,2/28/1983,1224,14575
815593266-4,Moog,2283.64,5/16/1954,1999,25089
253663522-8,Man of the Year,2086.83,4/26/2005,1172,6481
314945615-0,Descent  The,1363.73,2/17/1904,450,43441
474073929-1,Four Shades of Brown (Fyra nyanser av brunt),4590.15,5/30/1914,977,39686
894133467-5,Page Eight,4387.65,10/27/1927,1446,34788
033562024-8,Uptown Saturday Night,2661.1,9/13/2002,2648,7437
955711251-4,Jo Pour Jonathan,557.23,05/02/1932,419,33138
008176310-7,Manchurian Candidate  The,1860.12,12/23/1991,1960,11354
280844984-4,Roaring Twenties  The,3220.73,12/08/1911,1426,40590
558701202-6,Brother Bear,377.32,11/22/1992,1129,11019
483507707-5,Stone Left Unturned  A (Kovat miehet),2365.03,10/30/1987,922,12870
710446388-7,Railway Children  The,3922.35,06/12/2015,243,2782
774215734-9,Promise of the Flesh (Yukcheui yaksok),523.42,3/26/1929,1373,34272
837857774-0,Heat,1436.77,04/07/1975,2866,17459
124229022-2,Mon Oncle (My Uncle),3210.63,12/12/1983,471,14287
224070872-7,Bedford Incident  The,664.46,05/10/2003,1130,7198
056912257-0,George and the Dragon,4458.07,11/21/1904,1153,43163
311254356-4,Silences of the Palace  The (Saimt el Qusur),4081.93,11/20/1937,1459,31110
270389518-6,Winning Streak,1733.85,6/19/1923,1822,36378
721661949-8,My Super Ex-Girlfriend,446.29,5/29/1954,638,25077
711537912-2,Macheads,390.06,08/06/1931,1842,33409
454217761-0,Whirlygirl,122.57,4/26/1901,1101,44468
125637661-2,Immature  The (Immaturi),460.38,12/20/2021,929,400
705100002-0,Business as Usual,1315.11,11/03/2012,1249,3734
787759378-3,Full Moon High,180.7,03/07/2008,2216,5436
076411651-7,Favorite Deadly Sins,3791.48,1/23/1931,2805,33604
385814263-8,Fitzgerald Family Christmas  The,3846.37,1/14/1902,2853,44204
663801692-X,Hijack That Went South  The (Kaappari),2829.76,3/20/1942,2838,29530
158473203-2,Dylan Dog: Dead of Night,3339.51,12/23/1922,980,36556
117929462-9,Parkland,1969.62,11/07/1978,802,16149
900481077-3,Nativity!,4801.83,10/14/1960,342,22747
945321031-5,I Think I Love My Wife,3816.27,6/27/1966,2596,20665
381908547-5,Patrik Age 1.5 (Patrik 1 5),4212.97,6/25/2015,1278,2770
297697622-8,Reconstruction,877.91,4/23/1966,1744,20730
061959258-3,Intruder  The,4469.8,05/09/1999,2184,8661
260280921-7,Beyond Silence (Jenseits der Stille),4337.99,01/10/2023,781,14
482678972-6,Trucker,481.14,01/03/2015,1451,2943
904013674-2,Hannah Free,4992.97,10/24/1939,271,30407
458351133-7,The Miracle of Our Lady of Fatima,2860.01,7/28/1944,2555,28669
930918746-8,At the Circus,4750.27,04/06/1940,1395,30242
327438670-7,Human Condition II  The (Ningen no joken II),1977.52,10/31/1989,622,12138
773004011-5,Paper Birds (Pájaros de papel),618.16,07/03/1977,2775,16641
230218630-3,Tribe  The (Plemya),1916.85,10/11/1982,2334,14714
308744961-X,Holiday,2799.71,9/17/2013,1214,3416
125720325-8,One A.M.,1760.39,10/01/1997,371,9246
847873792-8,Dragon Ball: The Path to Power (Doragon bôru: Saikyô e no michi),1525.26,05/03/1946,2809,28025
951228827-3,Christmas Carol  A,4637.83,03/10/1944,478,28809
302385781-4,Better Tomorrow III: Love and Death in Saigon  A,876.44,4/22/1966,2399,20730
248087288-2,Lodger  The,4679.31,10/09/1912,2956,40284
230906210-3,Infidel  The,3368.13,01/05/2020,2183,1114
132261724-4,Abandoned  The,1736.21,8/26/1939,2668,30466
776433410-3,Carmina and Amen (Carmina y amén),1648.42,01/09/1903,2695,43845
301687170-X,Wild Orchid,4053.08,1/19/1994,846,10597
818762211-3,Hard to Hold,974.79,2/16/1936,2922,31754
902589563-8,Amityville 1992: It's About Time,3055.39,7/18/1982,1766,14800
505940487-0,At First Sight,2540.98,8/27/1906,713,42518
562715429-2,Common Thread  A (a.k.a. Sequins) (Brodeuses),4378.16,5/22/1992,1806,11204
842864208-7,Abraham's Valley (Vale Abraão),4487.73,1/19/1903,1149,43835
502366670-0,Putzel,1786.56,11/21/1964,2238,21248
948192538-2,Monday,3541.05,04/04/1921,1560,37185
685877104-2,In Praise of Older Women,4092.16,2/21/1969,2279,19695
685525083-1,Motocrossed,1877.08,6/18/2006,2688,6064
941330695-8,Come Back to Me,1431.78,11/20/1902,771,43894
472229508-5,Stepfather II,4879.83,07/03/1943,800,29060
706755690-2,Where Sleeping Dogs Lie,3960.34,9/15/1991,300,11454
141027282-6,Starsuckers,2228.01,07/06/2007,1656,5681
458439984-0,Lucky 7,3914.85,3/24/1984,965,14185
675115227-2,Broadway Melody of 1938,2434.3,01/01/1972,2391,18651
768663143-5,Wheeler Dealers  The,2537.32,4/14/1912,2157,40461
303627553-3,Dr. Jekyll and Mr. Hyde,4495.1,11/24/2011,2356,4078
450968681-1,Attack of the Killer Tomatoes!,3397.28,3/18/2010,1098,4695
851439370-7,To Be Twenty,2251.92,8/25/1962,1423,22067
050661291-0,Roommate  The,1196.18,04/07/1924,1299,36086
478361005-3,Introduction to Physics  An,2359.26,06/03/1940,2006,30185
976197264-X,Emma,1405.04,07/01/1935,1725,31984
300936313-3,Little Engine That Could  The,901.22,11/13/1969,462,19430
789557880-4,Dead Snow (Død snø),2149.93,05/01/1959,1039,23278
941470393-4,Sun  The (Solntse),4114.06,10/27/2014,87,3011
147480375-X,Fighting Elegy (Kenka erejii),1057.12,1/15/1979,2152,16080
240985073-1,The Fox and the Hound 2,2538.76,6/25/1962,2856,22128
535432291-X,Square Dance,526.67,9/30/1963,683,21666
161352760-8,Meet Monica Velour,3198.38,3/31/1945,456,28422
022203224-3,The Kiss of Her Flesh,580.99,02/11/1928,2816,34681
938708076-5,Palm Beach Story  The,3840.2,4/28/1979,157,15977
542322344-X,Unconscious (Inconscientes),4714.51,12/23/1992,1416,10989
409722089-6,Play,2982.92,7/17/1947,520,27585
450989939-4,Chronic Town,584.64,01/05/1939,719,30699
010882952-9,Zero 2,2090.11,9/24/1980,424,15462
287639150-3,Slumber Party '57,2846.61,10/18/1952,1897,25665
009209371-X,Doomwatch,237.44,8/26/1949,773,26814
989335754-3,Holy Innocents  The (Santos inocentes  Los),1471.69,1/16/1961,1310,22653
715980435-X,Mystery Science Theater 3000: The Movie,2111.58,06/10/1940,2309,30177
005056882-5,Goal! III,998.8,12/13/1905,2802,42776
085459833-2,Prowler  The (a.k.a. Rosemary's Killer) (a.k.a. The Graduation),4940.75,12/22/1917,443,38384
714528702-1,Key of Life (Kagi-dorobô no mesoddo),2316.58,6/15/2019,1876,1319
196041941-2,Cassandra Crossing  The,1125.43,4/20/1917,1782,38630
802208254-6,Officer Down,4291.86,2/29/1952,1942,25897
814016470-4,For the Birds,1762.53,11/30/1998,2257,8820
237355018-0,Seven Psychopaths,1357.58,6/14/1996,2907,9720
290497045-2,Cell Count,3370.63,04/01/1928,2634,34631
512038485-4,Secret Society,829.44,12/04/1918,847,38037
561686839-6,El Dorado,706.38,01/11/1994,1886,10605
133525557-5,Satyricon,365.63,6/18/2009,1018,4967
472482204-X,Manufactured Landscapes,4452.72,05/12/2000,1267,8292
892920887-8,Bird of Paradise,1867.66,07/04/1916,2516,38920
973406583-1,Purge (Puhdistus),2992.72,4/26/1977,1827,16708
953259868-5,Screwed in Tallinn (Torsk på Tallinn - En liten film om ensamhet),4039.07,09/03/1987,2386,12927
343775933-7,Romance of Astrea and Celadon  The (Les amours d'Astrée et de Céladon),4643.42,01/01/1985,1310,13902
958125763-2,Árido Movie,1657.87,10/15/1972,1601,18362
995104239-2,Road to Ruin  The,339.24,9/15/1984,2044,14010
403994289-2,Deux mondes  Les,1440.72,3/13/1938,2570,30998
782871683-4,Lady and the Reaper  The (Dama y la muerte  La),558.47,06/08/1939,902,30545
584002753-7,Before and After,4572.22,3/17/1968,1382,20036
998916224-7,Guinevere,1994.71,9/21/1924,739,35919
086310400-2,The Sweet Ride,373.81,12/17/1932,2448,32910
028714744-4,Tom Sawyer,1250.68,6/25/2021,2973,577
025495223-2,At Long Last Love,4442.18,11/20/1955,510,24537
488790915-2,Dead & Buried,2486.17,1/17/2009,793,5119
249482621-7,CJ7 (Cheung Gong 7 hou),3739.29,8/16/1933,2450,32668
565274665-3,Gentlemen,2168.63,06/04/1959,1191,23245
096108959-8,Days and Clouds (Giorni e nuvole),141.76,08/11/1926,530,35230
546794106-2,Whistle Blower  The,3268.08,5/26/2016,1651,2434
696305737-0,Yellow Earth (Huang tu di),2018.97,11/06/1924,1386,35873
408897726-2,Brothers in Trouble,2507.1,06/09/2007,2575,5708
439534159-4,Big Bad Mama II,3894.87,08/03/1956,2443,24280
133851977-8,As I Lay Dying,777.54,6/24/1922,2951,36738
216700367-6,Last Passenger,505.84,1/31/2004,1531,6933
108976740-4,To End All Wars,1814.22,11/17/1905,664,42802
226406457-9,Diary of a Wimpy Kid,887.51,10/14/1993,342,10694
089838438-9,Death to Smoochy,4920.08,08/08/1988,1313,12587
717747866-3,Incendies,1128.56,01/02/1992,1292,11345
926107939-3,Bourne Legacy  The,1427.82,7/18/1934,2238,32332
357006537-5,X-Men: The Last Stand,2588.54,7/25/1901,2836,44378
174230808-2,Bruce Almighty,3678.06,07/12/1999,1461,8596
687092176-8,We Can Be Heroes,2553.1,02/03/1917,2765,38706
447530661-2,Mutant Action (Acción Mutante),1434.83,07/08/1972,517,18462
548457461-7,Second Jungle Book: Mowgli & Baloo  The,2865.7,4/24/1951,933,26207
348915924-1,Black Dahlia  The,348.61,09/05/1946,1361,27900
335263413-0,I Am Love (Io sono l'amore),4957.6,4/24/1900,48,44835
156702515-3,Silence  The (Sokout),2997.25,1/13/1979,454,16081
687504260-6,Rainmaker  The,1336.38,10/13/1998,69,8869
490451041-0,Loaded,1712.8,10/26/2017,1945,1915
765750184-7,Return to Never Land,651.08,07/04/1991,219,11526
441380418-X,White Cliffs of Dover  The,4924.83,08/11/2001,504,7836
166097552-2,Alphabet,1884.78,11/21/1930,812,33667
059147640-1,Restraint,3361.03,04/03/1977,383,16731
039616594-X,Killing Room  The,659.51,10/21/2008,1180,5208
185173573-9,Bridesmaids,199.56,04/07/2005,2680,6501
756902919-4,Jude the Obscure,4558.57,9/14/1945,2356,28255
168729839-4,Fist of Fury (Chinese Connection  The) (Jing wu men),1703.25,01/10/1955,1755,24850
648746054-0,City Streets,2410.98,08/01/2019,2204,1271
562485317-3,96 Minutes ,3032.92,06/07/2002,482,7536
357974304-X,Snake and Crane Arts of Shaolin (She hao ba bu),4114.36,12/21/1944,2978,28523
236009939-6,Court-Martial of Billy Mitchell  The,2537.28,09/12/2005,1055,6343
605352876-5,Ladies of Leisure,4901.34,04/04/1940,2847,30245
259142236-2,Achilles and the Tortoise (Akiresu to kame),2190.23,6/30/1989,143,12261
418249464-4,So Long Letty,746.76,08/02/1978,2196,16246
138526758-5,Wallace & Gromit: The Wrong Trousers,3501.44,1/26/1993,561,10955
859104102-X,Unknown Soldier  The (Tuntematon sotilas),2470.02,10/10/1989,1979,12159
547634117-X,War Dance,2787.31,12/14/1925,242,35470
065596266-2,Confiance règne  La,48.3,05/01/1992,707,11225
290248563-8,Judith of Bethulia,592.56,8/25/1931,2451,33390
245455986-2,London River,2486.21,6/28/1908,1881,41848
032978469-2,Maniacts,834.72,04/02/1906,1435,42666
101034915-5,Reunion,112.84,12/16/1949,1701,26702
742102540-5,GhostWatcher,2642.05,07/02/1992,1231,11162
591160897-9,Contact High,1819.37,02/04/2004,2617,6929
123406370-0,The Invisible Boy,1901.5,03/09/1958,2555,23697
555868880-7,Romance in Manhattan,2841.05,12/08/1914,1685,39494
061812071-8,Best Years of Our Lives  The,2133.42,05/12/1909,889,41530
642032305-3,Out On A Limb,2786.38,04/08/1908,1458,41929
640609726-2,Forever  Darling,1221.5,01/09/1990,99,12068
484628907-9,Kaspar Hauser,4768.33,10/17/1996,1277,9595
